,Date,BT_Close,BT_Volume,GSPC_Close,EMA,MA,year,month,Forecast_ARIMAX
1089,2020-01-01,7200.17431640625,18565664997.0,3230.780029296875,7262.890328886377,7279.495256696428,2020,1,7175.887268638605
1090,2020-01-02,6985.47021484375,20802083465.0,3257.85009765625,7193.53530037572,7243.281459263393,2020,1,7075.75282471694
1091,2020-01-03,7344.88427734375,28111481032.0,3234.85009765625,7231.372544617728,7251.109444754465,2020,1,7226.295036940188
1092,2020-01-04,7410.65673828125,18444271275.0,3234.85009765625,7276.1935930336085,7264.347516741072,2020,1,7306.998681435946
1093,2020-01-05,7411.3173828125,19725074095.0,3234.85009765625,7309.974540478332,7262.728166852678,2020,1,7428.832859656399
1094,2020-01-06,7769.21923828125,23276261598.0,3246.280029296875,7424.785714929061,7330.760184151785,2020,1,7661.760441706128
1095,2020-01-07,8163.6923828125,28767291327.0,3237.179931640625,7609.512381899921,7469.344935825893,2020,1,7970.122076554591
1096,2020-01-08,8079.86279296875,31672559265.0,3253.050048828125,7727.099984667128,7595.014718191965,2020,1,8088.974860813411
1097,2020-01-09,7879.0712890625,24045990466.0,3274.699951171875,7765.092810765971,7722.672014508928,2020,1,7916.471873717412
1098,2020-01-10,8166.55419921875,28714583844.0,3265.35009765625,7865.458157879166,7840.053431919643,2020,1,8006.124489786824
1099,2020-01-11,8037.53759765625,25521165085.0,3265.35009765625,7908.478017823437,7929.607840401785,2020,1,7943.599026025834
1100,2020-01-12,8192.494140625,22903438381.0,3265.35009765625,7979.482048523828,8041.204520089285,2020,1,7923.077534476363
1101,2020-01-13,8144.1943359375,22482910688.0,3288.1298828125,8020.660120377246,8094.772391183035,2020,1,7938.409886582669
1102,2020-01-14,8827.7646484375,44841784107.0,3283.14990234375,8222.43625239231,8189.639857700893,2020,1,8454.788576920904
1103,2020-01-15,8807.0107421875,40102834650.0,3289.2900390625,8368.579874841107,8293.518136160714,2020,1,8665.797094837215
1104,2020-01-16,8723.7861328125,31313981931.0,3316.81005859375,8457.381439333954,8414.191685267857,2020,1,8652.082690842339
1105,2020-01-17,8929.0380859375,36372139320.0,3329.6201171875,8575.29560098484,8523.117954799107,2020,1,8810.715276934161
1106,2020-01-18,8942.80859375,32337772627.0,3329.6201171875,8667.17384917613,8652.4423828125,2020,1,8809.94380958965
1107,2020-01-19,8706.2451171875,34217320471.0,3329.6201171875,8676.941666178971,8725.835379464286,2020,1,8700.298975413287
1108,2020-01-20,8657.642578125,26422375678.0,3329.6201171875,8672.116894165478,8799.185128348214,2020,1,8504.128435473407
1109,2020-01-21,8745.89453125,24097418512.0,3320.7900390625,8690.561303436609,8787.48939732143,2020,1,8573.172994811408
1110,2020-01-22,8680.8759765625,22600204051.0,3321.75,8688.139971718081,8769.470145089286,2020,1,8595.585471185763
1111,2020-01-23,8406.515625,25770680779.0,3325.5400390625,8617.73388503856,8724.145786830357,2020,1,8488.64102636725
1112,2020-01-24,8445.4345703125,24397913026.0,3295.469970703125,8574.659056357044,8655.0595703125,2020,1,8492.16675987065
1113,2020-01-25,8367.84765625,19647331549.0,3295.469970703125,8522.956206330282,8572.922293526786,2020,1,8480.687190916524
1114,2020-01-26,8596.830078125,22177678796.0,3295.469970703125,8541.42467427896,8557.291573660714,2020,1,8578.905600735301
1115,2020-01-27,8909.8193359375,28647338393.0,3243.6298828125,8633.523339693595,8593.316824776786,2020,1,8813.010214771639
1116,2020-01-28,9358.58984375,34398744403.0,3276.239990234375,8814.789965707696,8680.8447265625,2020,1,9207.92923691364
1117,2020-01-29,9316.6298828125,30682598115.0,3273.39990234375,8940.249944983896,8771.666713169643,2020,1,9386.877658214993
1118,2020-01-30,9508.9931640625,32378792851.0,3283.659912109375,9082.435749753547,8929.163504464286,2020,1,9505.837184264356
1119,2020-01-31,9350.529296875,29432489719.0,3225.52001953125,9149.45913653391,9058.46275111607,2020,1,9435.496801149513
1120,2020-02-01,9392.875,25922656496.0,3225.52001953125,9210.31310240043,9204.895228794643,2020,2,9308.938800647395
1121,2020-02-02,9344.365234375,30835736946.0,3225.52001953125,9243.826135394072,9311.685965401786,2020,2,9216.829134403595
1122,2020-02-03,9293.521484375,30934096509.0,3248.919921875,9256.249972639305,9366.500558035714,2020,2,9144.200725454291
1123,2020-02-04,9180.962890625,29893183716.0,3297.590087890625,9237.428202135728,9341.125279017857,2020,2,9133.35087642718
1124,2020-02-05,9613.423828125,35222060874.0,3334.68994140625,9331.427108633046,9383.5244140625,2020,2,9354.235960260683
1125,2020-02-06,9729.8017578125,37628823716.0,3345.780029296875,9431.02077092791,9415.06849888393,2020,2,9601.239554028596
1126,2020-02-07,9795.943359375,34522718159.0,3327.7099609375,9522.251418039681,9478.69907924107,2020,2,9734.623993310124
1127,2020-02-08,9865.119140625,35172043762.0,3327.7099609375,9607.96834868601,9546.162527901786,2020,2,9860.017744643932
1128,2020-02-09,10116.673828125,35807884663.0,3327.7099609375,9735.144718545756,9656.49232700893,2020,2,10024.04114550232
1129,2020-02-10,9856.611328125,39386548075.0,3352.090087890625,9765.511370940567,9736.93373325893,2020,2,9969.248326417308
1130,2020-02-11,10208.236328125,37648059389.0,3357.75,9876.192610236676,9883.687081473214,2020,2,9999.841089301004
1131,2020-02-12,10326.0546875,43444303830.0,3379.449951171875,9988.658129552507,9985.491489955357,2020,2,10159.162782850297
1132,2020-02-13,10214.3798828125,49356071373.0,3373.93994140625,10045.088567867506,10054.71693638393,2020,2,10216.056543006966
1133,2020-02-14,10312.1162109375,43338264162.0,3380.159912109375,10111.845478635003,10128.45591517857,2020,2,10242.28864409766
1134,2020-02-15,9889.4248046875,43865054831.0,3380.159912109375,10056.240310148127,10131.928152901786,2020,2,10070.15967304877
1135,2020-02-16,9934.43359375,43374780305.0,3380.159912109375,10025.788631048594,10105.893833705357,2020,2,10028.62542708297
1136,2020-02-17,9690.142578125,45998298413.0,3380.159912109375,9941.877117817696,10082.112583705357,2020,2,9835.269092284634
1137,2020-02-18,10141.99609375,47271023953.0,3370.2900390625,9991.906861800771,10072.649693080357,2020,2,10010.696335684575
1138,2020-02-19,9633.38671875,46992019710.0,3386.14990234375,9902.276826038078,9973.69712611607,2020,2,9938.259750639192
1139,2020-02-20,9608.4755859375,44925260237.0,3373.22998046875,9828.826516012932,9887.139369419643,2020,2,9882.111262973282
1140,2020-02-21,9686.44140625,40930547513.0,3337.75,9793.230238572198,9797.757254464286,2020,2,9937.430953945795
1141,2020-02-22,9663.181640625,35838025154.0,3337.75,9760.718089085398,9765.436802455357,2020,2,9882.05709217654
1142,2020-02-23,9924.515625,41185185761.0,3337.75,9801.667473064048,9764.019949776786,2020,2,10031.787189216133
1143,2020-02-24,9650.1748046875,45080496648.0,3225.889892578125,9763.794305969912,9758.310267857143,2020,2,9947.723178253813
1144,2020-02-25,9341.705078125,42515259129.0,3128.2099609375,9658.271999008683,9643.982979910714,2020,2,9849.646660792114
1145,2020-02-26,8820.5224609375,50420050762.0,3116.389892578125,9448.834614490886,9527.85951450893,2020,2,9487.283920928703
1146,2020-02-27,8784.494140625,45470195695.0,2978.760009765625,9282.749496024415,9410.147879464286,2020,2,9203.594944122862
1147,2020-02-28,8672.455078125,44605450443.0,2954.219970703125,9130.175891549561,9265.292689732143,2020,2,9031.781107800698
1148,2020-02-29,8599.5087890625,35792392544.0,2954.219970703125,8997.509115927796,9113.339425223214,2020,2,8898.882452821144
1149,2020-03-01,8562.4541015625,35349164300.0,2954.219970703125,8888.745362336473,8918.759207589286,2020,3,8960.534944207597
1150,2020-03-02,8869.669921875,42857674409.0,3090.22998046875,8883.976502221105,8807.258510044643,2020,3,9201.74069095255
1151,2020-03-03,8787.7861328125,42386715821.0,3003.3701171875,8859.928909868953,8728.127232142857,2020,3,9287.382075580223
1152,2020-03-04,8755.24609375,34746706368.0,3130.1201171875,8833.758205839214,8718.802036830357,2020,3,9192.11148296618
1153,2020-03-05,9078.7626953125,39698054597.0,3023.93994140625,8895.009328207536,8760.840401785714,2020,3,9315.177160401334
1154,2020-03-06,9122.5458984375,40826885651.0,2972.3701171875,8951.893470765028,8825.139090401786,2020,3,9362.836499950594
1155,2020-03-07,8909.9541015625,36216930370.0,2972.3701171875,8941.408628464394,8869.48842075893,2020,3,9221.79590581097
1156,2020-03-08,8108.1162109375,39973102121.0,2972.3701171875,8733.08552408267,8804.5830078125,2020,3,8741.405533388917
1157,2020-03-09,7923.64453125,46936995808.0,2746.56005859375,8530.725275874502,8669.4365234375,2020,3,8437.066575678517
1158,2020-03-10,7909.7294921875,42213940994.0,2882.22998046875,8375.476329952751,8543.99986049107,2020,3,8199.208262742399
1159,2020-03-11,7911.43017578125,38682762605.0,2741.3798828125,8259.464791409877,8423.45472935268,2020,3,8078.3128517118585
1160,2020-03-12,4970.7880859375,53980357243.0,2480.639892578125,7437.295615041782,7836.601213727678,2020,3,6852.485155682797
1161,2020-03-13,5563.70703125,74156772075.0,2711.02001953125,6968.898469093837,7328.195661272322,2020,3,6549.921199919912
1162,2020-03-14,5200.3662109375,36154506008.0,2711.02001953125,6526.765404554753,6798.254534040178,2020,3,6116.30643641338
1163,2020-03-15,5392.31494140625,33997889639.0,2711.02001953125,6243.1527887676275,6410.282924107143,2020,3,6032.594907084408
1164,2020-03-16,5014.47998046875,45368026430.0,2386.1298828125,5935.984586692907,5994.68798828125,2020,3,5997.016404462409
1165,2020-03-17,5225.62939453125,38622642935.0,2529.18994140625,5758.395788652492,5611.2451171875,2020,3,6201.560799379449
1166,2020-03-18,5238.4384765625,37878801016.0,2398.10009765625,5628.4064606299935,5229.38916015625,2020,3,6576.0519323752915
1167,2020-03-19,6191.19287109375,51000731797.0,2409.389892578125,5769.103063245932,5403.732700892857,2020,3,6706.963473883713
1168,2020-03-20,6198.7783203125,54442976103.0,2304.919921875,5876.521877512574,5494.457170758928,2020,3,6864.530783943153
1169,2020-03-21,6185.06640625,42494390880.0,2304.919921875,5953.65800969693,5635.128627232143,2020,3,6761.41767151432
1170,2020-03-22,5830.2548828125,40099664740.0,2304.919921875,5922.807227975823,5697.691476004465,2020,3,6532.181678559572
1171,2020-03-23,6416.31494140625,46491916000.0,2237.39990234375,6046.184156333429,5897.95361328125,2020,3,6530.14484775901
1172,2020-03-24,6734.8037109375,48221910672.0,2447.330078125,6218.339044984447,6113.549944196428,2020,3,6620.267665721054
1173,2020-03-25,6681.06298828125,44590107888.0,2475.56005859375,6334.020030808649,6319.63916015625,2020,3,6538.01760387987
1174,2020-03-26,6716.4404296875,35319797642.0,2630.070068359375,6429.625130528362,6394.674525669643,2020,3,6632.391777138553
1175,2020-03-27,6469.79833984375,34585598367.0,2541.469970703125,6439.668432857209,6433.391671316965,2020,3,6582.651735921549
1176,2020-03-28,6242.19384765625,34885225901.0,2541.469970703125,6390.29978655697,6441.552734375,2020,3,6418.878783893829
1177,2020-03-29,5922.04296875,28373690931.0,2541.469970703125,6273.235582105228,6454.665318080357,2020,3,6011.268579100651
1178,2020-03-30,6429.841796875,37101651525.0,2626.64990234375,6312.387135797671,6456.597726004465,2020,3,6162.70291091846
1179,2020-03-31,6438.64453125,32786468812.0,2584.590087890625,6343.9514846607535,6414.289271763393,2020,3,6324.3279498064285
1180,2020-04-01,6606.7763671875,40346426266.0,2470.5,6409.65770529244,6403.676897321428,2020,4,6578.244143741528
1181,2020-04-02,6793.62451171875,47660646124.0,2526.89990234375,6505.649406899018,6414.703194754465,2020,4,6876.709092906974
1182,2020-04-03,6733.38720703125,38976504903.0,2488.64990234375,6562.583856932076,6452.358747209822,2020,4,6934.696820815321
1183,2020-04-04,6867.52734375,33185988584.0,2488.64990234375,6638.819728636558,6541.692103794643,2020,4,6959.203952310541
1184,2020-04-05,6791.12939453125,29510409856.0,2488.64990234375,6676.897145110231,6665.847307477678,2020,4,6808.0987509223705
1185,2020-04-06,7271.78125,46896904615.0,2663.679931640625,6825.618171332673,6786.124372209822,2020,4,7088.656665745798
1186,2020-04-07,7176.41455078125,44243482668.0,2659.409912109375,6913.317266194817,6891.520089285715,2020,4,7129.267099970953
1187,2020-04-08,7334.0986328125,37563249549.0,2749.97998046875,7018.5126078492385,6995.423270089285,2020,4,7206.6787239131
1188,2020-04-09,7302.08935546875,34815139178.0,2789.820068359375,7089.406794754117,7068.061104910715,2020,4,7261.5765298971455
1189,2020-04-10,6865.4931640625,43622840992.0,2789.820068359375,7033.428387081213,7086.933384486607,2020,4,7093.83835697029
1190,2020-04-11,6859.0830078125,31222085946.0,2789.820068359375,6989.842042264036,7085.72705078125,2020,4,6910.371354702072
1191,2020-04-12,6971.091796875,35759567632.0,2789.820068359375,6985.154480916777,7111.435965401785,2020,4,6864.5556702940785
1192,2020-04-13,6845.03759765625,38619308647.0,2761.6298828125,6950.125260101646,7050.472586495535,2020,4,6894.554079855627
1193,2020-04-14,6842.427734375,34110434052.0,2846.06005859375,6923.200878669984,7002.760184151785,2020,4,6888.493110642359
1194,2020-04-15,6642.10986328125,32288311031.0,2783.360107421875,6852.928124822801,6903.904645647322,2020,4,6868.322286864182
1195,2020-04-16,7116.80419921875,46783242377.0,2799.550048828125,6918.897143421788,6877.435337611607,2020,4,7183.864642942999
1196,2020-04-18,7257.6650390625,32447188386.0,2799.550048828125,7003.589117331967,6933.459891183035,2020,4,7263.161744762481
1197,2020-04-19,7189.4248046875,31311210215.0,2799.550048828125,7050.048039170851,6980.651576450893,2020,4,7303.209145169119
1198,2020-04-20,6881.95849609375,37747113936.0,2823.159912109375,7008.025653401576,6967.918247767857,2020,4,7230.30640382466
1199,2020-04-21,6880.3232421875,32589741511.0,2736.56005859375,6976.100050598057,6972.959054129465,2020,4,7102.360735146101
1200,2020-04-22,7117.20751953125,33249153866.0,2799.31005859375,7011.376917831356,7012.213309151785,2020,4,7131.830090495005
1201,2020-04-23,7429.724609375,43500782316.0,2797.800048828125,7115.963840717267,7124.729701450893,2020,4,7265.795894174639
1202,2020-04-24,7550.90087890625,34636526286.0,2836.739990234375,7224.698100264513,7186.743512834822,2020,4,7429.088155995128
1203,2020-04-25,7569.93603515625,32941541447.0,2836.739990234375,7311.007583987448,7231.353655133928,2020,4,7591.88314249222
1204,2020-04-26,7679.8671875,33070154491.0,2836.739990234375,7403.222484865586,7301.416852678572,2020,4,7729.326546544943
1205,2020-04-27,7795.60107421875,36162144725.0,2878.47998046875,7501.317132203877,7431.937220982143,2020,4,7775.4816613390885
1206,2020-04-28,7807.05859375,33187959921.0,2863.389892578125,7577.752497590408,7564.327985491072,2020,4,7726.618218015092
1207,2020-04-29,8801.0380859375,60201052203.0,2939.510009765625,7883.573894677181,7804.875209263393,2020,4,8282.146848444958
1208,2020-04-30,8658.5537109375,66964629541.0,2912.429931640625,8077.31884874226,7980.422223772322,2020,4,8542.869289420514
1209,2020-05-01,8864.7666015625,44068389997.0,2830.7099609375,8274.180786947321,8168.117327008928,2020,5,8658.583106614857
1210,2020-05-02,8988.5966796875,40134388683.0,2830.7099609375,8452.784760132365,8370.783133370536,2020,5,8771.737044752863
1211,2020-05-03,8897.46875,47101785174.0,2830.7099609375,8563.955757599273,8544.72621372768,2020,5,8787.559060048243
1212,2020-05-04,8912.654296875,45718796276.0,2842.739990234375,8651.130392418205,8704.305245535714,2020,5,8723.05951107958
1213,2020-05-05,9003.0703125,43148462663.0,2868.43994140625,8739.115372438653,8875.1640625,2020,5,8632.92761476097
1214,2020-05-06,9268.76171875,49371886931.0,2848.419921875,8871.52695901649,8941.981724330357,2020,5,8925.047829910578
1215,2020-05-07,9951.5185546875,61112700562.0,2881.18994140625,9141.524857934242,9126.690987723214,2020,5,9418.198700515975
1216,2020-05-08,9842.666015625,51780748042.0,2929.800048828125,9316.810147356931,9266.390904017857,2020,5,9623.571942845349
1217,2020-05-09,9593.896484375,46566121841.0,2929.800048828125,9386.081731611448,9352.8623046875,2020,5,9635.394489198723
1218,2020-05-10,8756.4306640625,63325279337.0,2929.800048828125,9228.668964724211,9332.71400669643,2020,5,9275.629497610214
1219,2020-05-11,8601.7958984375,57119858802.0,2930.18994140625,9071.950698152532,9288.3056640625,2020,5,8865.571814478793
1220,2020-05-12,8804.4775390625,42142717533.0,2870.1201171875,9005.082408380023,9259.935267857143,2020,5,8655.979395414655
1221,2020-05-13,9269.9873046875,45558144023.0,2820.0,9071.308632456892,9260.1103515625,2020,5,8870.739559601134
1222,2020-05-14,9733.7216796875,56426907637.0,2852.5,9236.911894264544,9228.996512276786,2020,5,9479.521721524703
1223,2020-05-15,9328.197265625,48158802327.0,2863.699951171875,9259.733237104658,9155.5009765625,2020,5,9659.450956828608
1224,2020-05-16,9377.013671875,36164766408.0,2863.699951171875,9289.053345797243,9124.51771763393,2020,5,9757.21358101249
1225,2020-05-17,9670.7392578125,40084250663.0,2863.699951171875,9384.474823801056,9255.133231026786,2020,5,9799.280528810064
1226,2020-05-18,9726.5751953125,41827139896.0,2953.909912109375,9469.999916678917,9415.815987723214,2020,5,9740.40870073756
1227,2020-05-19,9729.0380859375,39254288955.0,2922.93994140625,9534.759458993563,9547.896065848214,2020,5,9658.96662465798
1228,2020-05-20,9522.9814453125,36546239703.0,2971.610107421875,9531.814955573298,9584.0380859375,2020,5,9564.918676019919
1229,2020-05-21,9081.76171875,39326160532.0,2948.510009765625,9419.301646367474,9490.900948660714,2020,5,9425.821045768967
1230,2020-05-22,9182.5771484375,29810773699.0,2955.449951171875,9360.120521884981,9470.098074776786,2020,5,9247.406676540457
1231,2020-05-23,9209.287109375,27727866812.0,2955.449951171875,9322.412168757486,9446.137137276786,2020,5,9172.833863035303
1232,2020-05-24,8790.3681640625,32518803300.0,2955.449951171875,9189.40116758374,9320.369838169643,2020,5,9046.176282328433
1233,2020-05-25,8906.9345703125,31288157264.0,2955.449951171875,9118.78451826593,9203.2783203125,2020,5,9063.470742808917
1234,2020-05-26,8835.052734375,29584186947.0,2991.77001953125,9047.851572293197,9075.566127232143,2020,5,9098.635944714519
1235,2020-05-27,9181.017578125,32740536902.0,3036.1298828125,9081.143073751147,9026.714146205357,2020,5,9310.472650824515
1236,2020-05-28,9525.7509765625,34367073114.0,3029.72998046875,9192.295049453985,9090.141183035714,2020,5,9524.966721131092
1237,2020-05-29,9439.1240234375,32896642044.0,3044.31005859375,9254.002292949865,9126.790736607143,2020,5,9630.480632847892
1238,2020-05-30,9700.4140625,32722975141.0,3044.31005859375,9365.605235337398,9196.951729910714,2020,5,9824.787970038673
1239,2020-05-31,9461.05859375,27773290299.0,3044.31005859375,9389.468574940549,9292.7646484375,2020,5,9682.239405115914
1240,2020-06-01,10167.2685546875,35198901068.0,3055.72998046875,9583.918569877287,9472.81236049107,2020,6,9938.483612543321
1241,2020-06-02,9529.8037109375,39137252109.0,3080.820068359375,9570.389855142339,9572.0625,2020,6,9715.251970913105
1242,2020-06-03,9656.7177734375,25007459262.0,3122.8701171875,9591.971834716129,9640.01967075893,2020,6,9580.88420421665
1243,2020-06-04,9800.63671875,25921805072.0,3112.35009765625,9644.138055724596,9679.2890625,2020,6,9663.206436742155
1244,2020-06-05,9665.533203125,23509628646.0,3193.929931640625,9649.486842574695,9711.633231026786,2020,6,9602.672555455134
1245,2020-06-06,9653.6796875,20438419222.0,3193.929931640625,9650.535053806021,9704.95689174107,2020,6,9605.723701382649
1246,2020-06-07,9758.8525390625,25015250846.0,3193.929931640625,9677.61442512014,9747.49888392857,2020,6,9621.915095646702
1247,2020-06-08,9771.4892578125,21486346312.0,3232.389892578125,9701.08313329323,9690.958984375,2020,6,9790.249206011911
1248,2020-06-09,9795.7001953125,23717842783.0,3207.179931640625,9724.737398798048,9728.94419642857,2020,6,9795.262941405243
1249,2020-06-10,9870.0947265625,25706567601.0,3190.139892578125,9761.07673073916,9759.42661830357,2020,6,9852.395186273832
1250,2020-06-11,9321.78125,30247143440.0,3002.10009765625,9651.252860554368,9691.01869419643,2020,6,9681.450394427335
1251,2020-06-12,9480.84375,22610564515.0,3041.31005859375,9608.650582915776,9664.634486607143,2020,6,9572.069622763014
1252,2020-06-13,9475.27734375,17564322315.0,3041.31005859375,9575.307273124332,9639.1484375,2020,6,9500.656810840323
1253,2020-06-14,9386.7880859375,18991732746.0,3041.31005859375,9528.177476327624,9585.996372767857,2020,6,9471.855000987434
1254,2020-06-15,9450.7021484375,26699704768.0,3066.590087890625,9508.808644355093,9540.169642857143,2020,6,9539.291070639541
1255,2020-06-16,9538.0244140625,21565537209.0,3124.739990234375,9516.112586781945,9503.358816964286,2020,6,9611.967765766549
1256,2020-06-17,9480.2548828125,20177709879.0,3113.489990234375,9507.148160789582,9447.667410714286,2020,6,9690.95267963747
1257,2020-06-18,9411.8408203125,17770083003.0,3115.340087890625,9483.321325670311,9460.53306361607,2020,6,9582.700399599249
1258,2020-06-19,9288.0185546875,19632223107.0,3097.739990234375,9434.495632924607,9432.986607142857,2020,6,9499.444300544306
1259,2020-06-20,9332.3408203125,17130541557.0,3097.739990234375,9408.95692977158,9412.567103794643,2020,6,9452.559381803334
1260,2020-06-21,9303.6298828125,15324301169.0,3097.739990234375,9382.625168031811,9400.68736049107,2020,6,9389.181236717304
1261,2020-06-22,9648.7177734375,21104009514.0,3117.860107421875,9449.148319383234,9428.975306919643,2020,6,9557.875906003726
1262,2020-06-23,9629.658203125,17006433272.0,3131.2900390625,9494.275790318674,9442.065848214286,2020,6,9649.259894231367
1263,2020-06-24,9313.6103515625,18961716076.0,3050.330078125,9449.10943062963,9418.259486607143,2020,6,9570.68913326782
1264,2020-06-25,9264.8134765625,18616048626.0,3083.760009765625,9403.035442112849,9397.255580357143,2020,6,9472.22051925596
1265,2020-06-26,9162.91796875,18341465837.0,3009.050048828125,9343.006073772136,9379.384068080357,2020,6,9327.056933544478
1266,2020-06-27,9045.390625,17273093144.0,3009.050048828125,9268.602211579102,9338.391183035714,2020,6,9180.675172902222
1267,2020-06-28,9143.58203125,14560870760.0,3009.050048828125,9237.347166496826,9315.52720424107,2020,6,9120.560942476186
1268,2020-06-29,9190.8544921875,16460547078.0,3053.239990234375,9225.723997919495,9250.1181640625,2020,6,9224.87814980327
1269,2020-06-30,9137.9931640625,15735797744.0,3100.2900390625,9203.791289455245,9179.880301339286,2020,6,9296.258650397951
1270,2020-07-01,9228.3251953125,15971550355.0,3115.860107421875,9209.924765919559,9167.696707589286,2020,7,9340.072894876572
1271,2020-07-02,9123.41015625,16338916796.0,3130.010009765625,9188.296113502169,9147.49623325893,2020,7,9316.988260973452
1272,2020-07-03,9087.3037109375,13078970999.0,3130.010009765625,9163.048012861002,9136.69419642857,2020,7,9248.304214981803
1273,2020-07-04,9132.48828125,12290528515.0,3130.010009765625,9155.40807995825,9149.13671875,2020,7,9196.808008944525
1274,2020-07-05,9073.9423828125,12903406143.0,3130.010009765625,9135.041655671812,9139.188197544643,2020,7,9158.168900147313
1275,2020-07-06,9375.474609375,17889263252.0,3179.719970703125,9195.149894097609,9165.5625,2020,7,9307.532917410805
1276,2020-07-07,9252.27734375,13839652595.0,3145.320068359375,9209.431756510707,9181.88881138393,2020,7,9300.307336659604
1277,2020-07-08,9428.3330078125,19702359883.0,3169.93994140625,9264.157069336155,9210.461356026786,2020,7,9433.208385897378
1278,2020-07-09,9277.9677734375,18000702524.0,3152.050048828125,9267.609745361491,9232.541015625,2020,7,9391.942220625471
1279,2020-07-10,9278.8076171875,16860035605.0,3185.0400390625,9270.409213317993,9259.898716517857,2020,7,9339.948291333803
1280,2020-07-11,9240.3466796875,13249910444.0,3185.0400390625,9262.89357991037,9275.307059151786,2020,7,9270.435605834653
1281,2020-07-12,9276.5,14452361907.0,3185.0400390625,9266.295184932776,9304.243861607143,2020,7,9227.80368557826
1282,2020-07-13,9243.6142578125,17519821266.0,3155.219970703125,9260.624953152708,9285.406668526786,2020,7,9262.470549742
1283,2020-07-14,9243.2138671875,18085038362.0,3197.52001953125,9256.272181661405,9284.111886160714,2020,7,9253.93757794856
1284,2020-07-15,9192.8369140625,15844731575.0,3226.56005859375,9240.413364761678,9250.46958705357,2020,7,9263.585496139305
1285,2020-07-16,9132.2275390625,15713967523.0,3215.570068359375,9213.366908336882,9229.64955357143,2020,7,9223.54192301449
1286,2020-07-17,9151.392578125,13944570749.0,3224.72998046875,9197.87332578391,9211.44740513393,2020,7,9205.566462657087
1287,2020-07-18,9159.0400390625,12252601475.0,3224.72998046875,9188.165004103557,9199.83217075893,2020,7,9192.225563773325
1288,2020-07-19,9185.8173828125,12939002784.0,3224.72998046875,9187.578098780794,9186.877511160714,2020,7,9219.524693584332
1289,2020-07-20,9164.2314453125,13755604146.0,3251.840087890625,9181.74143541372,9175.537109375,2020,7,9228.010381859167
1290,2020-07-21,9374.8876953125,18069581956.0,3257.300048828125,9230.028000388415,9194.34765625,2020,7,9354.556690008481
1291,2020-07-22,9525.36328125,16532254884.0,3276.02001953125,9303.86182060381,9241.85142299107,2020,7,9474.426924847998
1292,2020-07-23,9581.072265625,18146399002.0,3235.659912109375,9373.164431859108,9305.972098214286,2020,7,9561.846356050315
1293,2020-07-24,9536.892578125,16552768325.0,3215.6298828125,9414.09646842558,9361.043526785714,2020,7,9567.635677251077
1294,2020-07-25,9677.11328125,16610070933.0,3215.6298828125,9479.850671631684,9435.053989955357,2020,7,9617.136543757835
1295,2020-07-26,9905.1669921875,20507998997.0,3215.6298828125,9586.179751770638,9537.81821986607,2020,7,9747.950343901935
1296,2020-07-27,10990.873046875,35359749590.0,3239.409912109375,9937.353075546727,9798.767020089286,2020,7,10346.125602290565
1297,2020-07-28,10912.8232421875,28766551142.0,3218.43994140625,10181.22061720692,10018.472098214286,2020,7,10610.12534686222
1298,2020-07-29,11100.4677734375,24617249715.0,3258.43994140625,10411.032406264565,10243.487025669643,2020,7,10831.13867711815
1299,2020-07-30,11111.2138671875,22857247901.0,3246.219970703125,10586.077771495298,10462.078683035714,2020,7,10911.283218729339
1300,2020-07-31,11323.466796875,23160469766.0,3271.1201171875,10770.425027840223,10717.30357142857,2020,7,10954.432068422524
1301,2020-08-01,11759.5927734375,26075670303.0,3271.1201171875,11017.716964239542,11014.80064174107,2020,8,11113.981438099905
1302,2020-08-02,11053.6142578125,27410067336.0,3271.1201171875,11026.69128763278,11178.864536830357,2020,8,10817.061683443677
1303,2020-08-03,11246.3486328125,20271713443.0,3294.610107421875,11081.60562392771,11215.361049107143,2020,8,10877.35083696367
1304,2020-08-04,11205.892578125,21250197042.0,3306.510009765625,11112.677362477032,11257.228097098214,2020,8,10890.928512058996
1305,2020-08-05,11747.0224609375,24411254471.0,3327.77001953125,11271.263637092148,11349.593052455357,2020,8,11196.529176347536
1306,2020-08-06,11779.7734375,23400740340.0,3349.159912109375,11398.39108719411,11445.1015625,2020,8,11382.68815476742
1307,2020-08-07,11601.47265625,23132312867.0,3351.280029296875,11449.161479458082,11484.816685267857,2020,8,11454.546522723896
1308,2020-08-08,11754.0458984375,17572057837.0,3351.280029296875,11525.382584202936,11484.02427455357,2020,8,11661.207669607746
1309,2020-08-09,11675.7392578125,17489608833.0,3351.280029296875,11562.971752605326,11572.89927455357,2020,8,11595.383970681825
1310,2020-08-10,11878.111328125,26114112569.0,3360.469970703125,11641.756646485244,11663.151088169643,2020,8,11689.102603521442
1311,2020-08-11,11410.525390625,27039782640.0,3333.68994140625,11583.948832520182,11692.384347098214,2020,8,11460.63470004678
1312,2020-08-12,11584.9345703125,25064548486.0,3380.35009765625,11584.195266968261,11669.228934151786,2020,8,11498.657926571897
1313,2020-08-13,11784.1376953125,27522199497.0,3373.429931640625,11634.18087405432,11669.85239955357,2020,8,11658.858291764056
1314,2020-08-14,11768.87109375,24237958589.0,3372.85009765625,11667.85342897824,11693.76646205357,2020,8,11697.737222734639
1315,2020-08-15,11865.6982421875,23354924400.0,3372.85009765625,11717.314632280555,11709.716796875,2020,8,11810.746904346313
1316,2020-08-16,11892.8037109375,20583375490.0,3372.85009765625,11761.186901944791,11740.726004464286,2020,8,11868.33227759738
1317,2020-08-17,12254.40234375,28227687027.0,3381.989990234375,11884.490762396093,11794.481863839286,2020,8,12165.183824454467
1318,2020-08-18,11991.2333984375,26043227672.0,3389.780029296875,11911.176421406444,11877.440150669643,2020,8,12069.06247916268
1319,2020-08-19,11758.283203125,24502851117.0,3374.85009765625,11872.953116836083,11902.20424107143,2020,8,11897.556227985915
1320,2020-08-20,11878.3720703125,20175242945.0,3385.510009765625,11874.307855205187,11915.666294642857,2020,8,11855.381318813394
1321,2020-08-21,11592.4892578125,23762425999.0,3397.159912109375,11803.853205857014,11890.46888950893,2020,8,11709.503110366652
1322,2020-08-22,11681.8251953125,20224191306.0,3397.159912109375,11773.346203220884,11864.20131138393,2020,8,11654.84593261037
1323,2020-08-23,11664.84765625,18482062658.0,3397.159912109375,11746.221566478163,11831.636160714286,2020,8,11630.947127727952
1324,2020-08-24,11774.595703125,20681511755.0,3431.280029296875,11753.315100639871,11763.092354910714,2020,8,11799.37961575028
1325,2020-08-25,11366.134765625,26301509932.0,3443.6201171875,11656.520016886152,11673.792550223214,2020,8,11711.984169273877
1326,2020-08-26,11488.36328125,22466660958.0,3478.72998046875,11614.480832977113,11635.23256138393,2020,8,11645.572151294768
1327,2020-08-27,11323.3974609375,23240415076.0,3484.550048828125,11541.709989967208,11555.950474330357,2020,8,11589.126216250585
1328,2020-08-28,11542.5,19807127588.0,3508.010009765625,11541.907492475406,11548.809151785714,2020,8,11588.668988300793
1329,2020-08-29,11506.865234375,17485597759.0,3508.010009765625,11533.146927950304,11523.814871651786,2020,8,11602.306064548218
1330,2020-08-30,11711.505859375,19760127945.0,3508.010009765625,11577.736660806477,11530.48032924107,2020,8,11733.217874601665
1331,2020-08-31,11680.8203125,22285928250.0,3500.31005859375,11603.507573729858,11517.08384486607,2020,8,11848.984269622735
1332,2020-09-01,11970.478515625,27311555343.0,3526.64990234375,11695.250309203642,11603.418666294643,2020,9,11973.542240264105
1333,2020-09-02,11414.0341796875,28037405299.0,3580.840087890625,11624.946276824607,11592.800223214286,2020,9,11785.686718347304
1334,2020-09-03,10245.296875,31927261555.0,3455.06005859375,11280.033926368455,11438.785853794643,2020,9,11075.18685402317
1335,2020-09-04,10511.8134765625,29965130374.0,3426.9599609375,11087.978813916965,11291.544921875,2020,9,10784.470520477353
1336,2020-09-05,10169.5673828125,44916565292.0,3426.9599609375,10858.375956140848,11100.502371651786,2020,9,10542.881645802237
1337,2020-09-06,10280.3515625,37071460174.0,3426.9599609375,10713.869857730635,10896.0517578125,2020,9,10484.127380028804
1338,2020-09-07,10369.5634765625,33703098409.0,3426.9599609375,10627.7932624386,10708.72935267857,2020,9,10586.633057459618
1339,2020-09-08,10131.5166015625,33430927462.0,3331.840087890625,10503.724097219574,10446.0205078125,2020,9,10741.065660846554
1340,2020-09-09,10242.34765625,24128292755.0,3398.9599609375,10438.379986977181,10278.63671875,2020,9,10838.971664024491
1341,2020-09-10,10363.138671875,54406443211.0,3339.18994140625,10419.569658201635,10295.471261160714,2020,9,10882.569919879057
1342,2020-09-11,10400.9150390625,45201121775.0,3340.969970703125,10414.90600341685,10279.628627232143,2020,9,10859.805508484613
1343,2020-09-12,10442.1708984375,36750077324.0,3340.969970703125,10421.722227172011,10318.571986607143,2020,9,10764.820698154963
1344,2020-09-13,10323.755859375,36506852789.0,3340.969970703125,10397.230635222759,10324.77260044643,2020,9,10677.521381487371
1345,2020-09-14,10680.837890625,35453581940.0,3383.5400390625,10468.132449073319,10369.24037388393,2020,9,10796.505678045636
1346,2020-09-15,10796.951171875,32509451925.0,3401.199951171875,10550.337129773738,10464.302455357143,2020,9,10839.794512788194
1347,2020-09-16,10974.9052734375,30769986455.0,3385.489990234375,10656.479165689678,10568.953543526786,2020,9,10941.61269055037
1348,2020-09-17,10948.990234375,38151810523.0,3357.010009765625,10729.606932861008,10652.64662388393,2020,9,11026.464807434455
1349,2020-09-18,10944.5859375,26341903912.0,3319.469970703125,10783.351684020756,10730.313895089286,2020,9,10980.63188267394
1350,2020-09-19,11094.3466796875,22764204008.0,3319.469970703125,10861.100432937441,10823.481863839286,2020,9,11011.733180935244
1351,2020-09-20,10938.271484375,24699523788.0,3319.469970703125,10880.393195796829,10911.269810267857,2020,9,10901.87815472901
1352,2020-09-21,10462.259765625,28884999244.0,3281.06005859375,10775.859838253871,10880.044363839286,2020,9,10668.727777643468
1353,2020-09-22,10538.4599609375,23621787804.0,3315.570068359375,10716.509868924777,10843.11704799107,2020,9,10540.613616587318
1354,2020-09-23,10225.8642578125,22986733997.0,3236.919921875,10593.848466146706,10736.11118861607,2020,9,10384.46937193883
1355,2020-09-24,10745.548828125,23017536742.0,3246.590087890625,10631.77355664128,10707.048130580357,2020,9,10557.13493706972
1356,2020-09-25,10702.2900390625,21232549821.0,3298.4599609375,10649.402677246584,10672.43443080357,2020,9,10671.320075369782
1357,2020-09-26,10754.4375,18105012128.0,3298.4599609375,10675.661382934937,10623.8759765625,2020,9,10834.248550889908
1358,2020-09-27,10774.4267578125,18016880214.0,3298.4599609375,10700.352726654326,10600.46958705357,2020,9,10955.27958225242
1359,2020-09-28,10721.3271484375,22720365389.0,3351.60009765625,10705.59633210012,10637.479213169643,2020,9,10916.738624024867
1360,2020-09-29,10848.830078125,20459870042.0,3335.469970703125,10741.40476860634,10681.817801339286,2020,9,10925.688812429387
1361,2020-09-30,10787.6181640625,20759622010.0,3363.0,10752.95811747038,10762.068359375,2020,9,10800.137424390017
1362,2020-10-01,10623.330078125,27178227816.0,3380.800048828125,10720.551107634035,10744.60853794643,2020,10,10765.690398443989
1363,2020-10-02,10585.1640625,23127839259.0,3348.419921875,10686.704346350527,10727.876255580357,2020,10,10679.944594163604
1364,2020-10-03,10565.4931640625,17094010304.0,3348.419921875,10656.40155077852,10700.884207589286,2020,10,10616.366673868895
1365,2020-10-04,10684.4287109375,17546792792.0,3348.419921875,10663.408340818265,10688.02734375,2020,10,10665.31051947187
1366,2020-10-05,10804.0009765625,19385191766.0,3408.60009765625,10698.556499754324,10699.837890625,2020,10,10754.788042061078
1367,2020-10-06,10621.6640625,22264958686.0,3360.969970703125,10679.333390440743,10667.38560267857,2020,10,10775.398656159654
1368,2020-10-07,10679.13671875,17634388529.0,3419.43994140625,10679.284222518056,10651.888253348214,2020,10,10785.296336499527
1369,2020-10-08,10923.6279296875,21962121001.0,3446.830078125,10740.370149310416,10694.78794642857,2020,10,10901.756592798247
1370,2020-10-10,11296.361328125,22877978588.0,3446.830078125,10879.36794401406,10796.38755580357,2020,10,11120.16679703087
1371,2020-10-11,11384.181640625,19968627060.0,3446.830078125,11005.571368166795,10913.343052455357,2020,10,11252.324154472466
1372,2020-10-14,11429.5068359375,24103426719.0,3488.669921875,11111.55523510947,11019.782784598214,2020,10,11375.242116059759
1373,2020-10-15,11495.349609375,24487233058.0,3483.340087890625,11207.503828675852,11118.546875,2020,10,11467.420714827236
1374,2020-10-16,11322.123046875,25635480772.0,3483.81005859375,11236.158633225637,11218.61244419643,2020,10,11357.607021212498
1375,2020-10-17,11358.1015625,19130430174.0,3483.81005859375,11266.644365544227,11315.607421875,2020,10,11225.77627832615
1376,2020-10-18,11483.359375,18283314340.0,3483.81005859375,11320.82311790817,11395.569056919643,2020,10,11224.46718396404
1377,2020-10-19,11742.037109375,23860769928.0,3426.919921875,11426.126615774878,11459.237025669643,2020,10,11438.88108625685
1378,2020-10-20,11916.3349609375,30915821592.0,3443.1201171875,11548.678702065532,11535.25892857143,2020,10,11686.024338548832
1379,2020-10-21,12823.689453125,43414712626.0,3435.56005859375,11867.431389830399,11734.42787388393,2020,10,12300.774603653597
1380,2020-10-22,12965.8916015625,34729759598.0,3453.489990234375,12142.046442763423,11944.505301339286,2020,10,12667.04516734014
1381,2020-10-23,12931.5390625,28974975003.0,3465.389892578125,12339.419597697568,12174.421875,2020,10,12773.778589975995
1382,2020-10-24,13108.0625,24542317940.0,3465.389892578125,12531.580323273176,12424.416294642857,2020,10,12830.41865975799
1383,2020-10-25,13031.173828125,24406920575.0,3465.389892578125,12656.478699486133,12645.532645089286,2020,10,12761.464116364692
1384,2020-10-26,13075.248046875,29461458313.0,3400.969970703125,12761.171036333351,12835.99135044643,2020,10,12716.932282457583
1385,2020-10-27,13654.21875,33749878156.0,3390.679931640625,12984.432964750014,13084.260463169643,2020,10,12909.248693303129
1386,2020-10-28,13271.28515625,35867318895.0,3271.030029296875,13056.146012625011,13148.202706473214,2020,10,13007.470625652033
1387,2020-10-29,13437.8828125,56499499598.0,3310.110107421875,13151.580212593759,13215.63002232143,2020,10,13249.742927185027
1388,2020-10-30,13546.5224609375,30581485201.0,3269.9599609375,13250.315774679695,13303.484793526786,2020,10,13256.821400594086
1389,2020-10-31,13780.9951171875,30306464719.0,3269.9599609375,13382.985610306647,13399.61802455357,2020,10,13461.917299074445
1390,2020-11-01,13737.109375,24453857900.0,3269.9599609375,13471.516551479986,13500.46595982143,2020,11,13500.032318692447
1391,2020-11-02,13550.4892578125,30771455468.0,3310.239990234375,13491.259728063116,13568.35756138393,2020,11,13450.343392997853
1392,2020-11-03,13950.30078125,29869951617.0,3369.159912109375,13606.019991359837,13610.654994419643,2020,11,13706.250618800826
1393,2020-11-04,14133.70703125,35116364962.0,3443.43994140625,13737.941751332379,13733.858119419643,2020,11,13878.08730632269
1394,2020-11-05,15579.8486328125,40856321439.0,3510.449951171875,14198.418471702409,14039.853236607143,2020,11,14674.236862269685
1395,2020-11-06,15565.880859375,39837841971.0,3509.43994140625,14540.284068620558,14328.3330078125,2020,11,15119.432426622017
1396,2020-11-07,14833.75390625,35024953706.0,3509.43994140625,14613.651528027918,14478.727120535714,2020,11,15016.853267098773
1397,2020-11-08,15479.5673828125,26632075029.0,3509.43994140625,14830.130491724063,14727.649693080357,2020,11,15131.445263935646
1398,2020-11-09,15332.3154296875,34149115566.0,3550.5,14955.676726214922,14982.1962890625,2020,11,15030.440773364484
1399,2020-11-10,15290.90234375,25574938143.0,3545.530029296875,15039.483130598692,15173.71079799107,2020,11,14860.128265356569
1400,2020-11-11,15701.33984375,29772374934.0,3572.659912109375,15204.94730888652,15397.65834263393,2020,11,14926.409776379875
1401,2020-11-12,16276.34375,34175758344.0,3537.010009765625,15472.79641916489,15497.157645089286,2020,11,15552.906756012006
1402,2020-11-13,16317.80859375,31599492172.0,3585.14990234375,15684.049462811168,15604.575892857143,2020,11,15961.265502436163
1403,2020-11-14,16068.138671875,27481710135.0,3585.14990234375,15780.071765077126,15780.916573660714,2020,11,15877.81714039174
1404,2020-11-15,15955.587890625,23653867583.0,3585.14990234375,15823.950796464094,15848.919503348214,2020,11,15856.399979737616
1405,2020-11-16,16716.111328125,31526766675.0,3626.909912109375,16046.99092937932,16046.60463169643,2020,11,16164.893229328594
1406,2020-11-17,17645.40625,39006849170.0,3609.530029296875,16446.59475953449,16382.962332589286,2020,11,16725.363505625122
1407,2020-11-18,17804.005859375,49064800278.0,3567.7900390625,16785.94753449462,16683.343191964286,2020,11,17188.35034207994
1408,2020-11-19,17817.08984375,36985055355.0,3581.8701171875,17043.733111808466,16903.449776785714,2020,11,17468.866712138246
1409,2020-11-20,18621.314453125,36992873940.0,3557.5400390625,17438.1284471376,17232.522042410714,2020,11,17995.468701130703
1410,2020-11-21,18642.232421875,39650210707.0,3557.5400390625,17739.15444082195,17600.24972098214,2020,11,18174.527872631726
1411,2020-11-22,18370.001953125,41280434226.0,3557.5400390625,17896.86631889771,17945.166015625,2020,11,17963.295258498656
1412,2020-11-23,18364.12109375,42741112308.0,3577.590087890625,18013.68001261078,18180.59598214286,2020,11,17848.00182654441
1413,2020-11-24,19107.46484375,51469565009.0,3635.409912109375,18287.126220395585,18389.461495535714,2020,11,18289.401674752793
1414,2020-11-25,18732.12109375,43710357371.0,3629.64990234375,18398.37493873419,18522.049386160714,2020,11,18323.800982900226
1415,2020-11-26,17150.623046875,61396835737.0,3629.64990234375,18086.436965769393,18426.83984375,2020,11,17653.628235239812
1416,2020-11-27,17108.40234375,38886494645.0,3638.35009765625,17841.928310264546,18210.709542410714,2020,11,17252.470059623585
1417,2020-11-28,17717.4140625,32601040734.0,3638.35009765625,17810.79974832341,18078.592633928572,2020,11,17396.634505081383
1418,2020-11-29,18177.484375,31133957704.0,3638.35009765625,17902.470904992555,18051.09012276786,2020,11,17721.552967323165
1419,2020-11-30,19625.8359375,47728480399.0,3621.6298828125,18333.312163119415,18231.335100446428,2020,11,18730.081533292745
1420,2020-12-01,18802.998046875,49633658712.0,3662.449951171875,18450.73363405831,18187.83984375,2020,12,19179.060173032085
1421,2020-12-02,19201.091796875,37387697139.0,3669.010009765625,18638.32317476248,18254.83565848214,2020,12,19555.329235488054
1422,2020-12-03,19445.3984375,31930317405.0,3666.719970703125,18840.09199044686,18582.660714285714,2020,12,19479.95412689427
1423,2020-12-04,18699.765625,33872388058.0,3699.1201171875,18805.010399085146,18809.99832589286,2020,12,18925.42792769851
1424,2020-12-05,19154.23046875,27242455064.0,3699.1201171875,18892.31541650136,19015.2578125,2020,12,18746.523238269227
1425,2020-12-06,19345.12109375,25293775714.0,3699.1201171875,19005.516835813516,19182.063058035714,2020,12,18743.537793282245
1426,2020-12-07,19191.630859375,26896357742.0,3691.9599609375,19052.045341703884,19120.033761160714,2020,12,19015.516816974865
1427,2020-12-08,18321.14453125,31692288756.0,3702.25,18869.32013909041,19051.19754464286,2020,12,18624.57749587074
1428,2020-12-09,18553.916015625,34420373071.0,3672.820068359375,18790.469108224057,18958.74386160714,2020,12,18585.337217250337
1429,2020-12-10,18264.9921875,25547132265.0,3668.10009765625,18659.099878043042,18790.114397321428,2020,12,18489.663929838054
1430,2020-12-11,18058.904296875,27919640985.0,3663.4599609375,18509.05098275103,18698.56277901786,2020,12,18232.31126711848
1431,2020-12-12,18803.65625,21752580802.0,3663.4599609375,18582.70229956327,18648.48074776786,2020,12,18527.64944328055
1432,2020-12-13,19142.3828125,25450468637.0,3663.4599609375,18722.62242779745,18619.518136160714,2020,12,19023.567003053824
1433,2020-12-14,19246.64453125,22473997681.0,3647.489990234375,18853.627953660587,18627.37723214286,2020,12,19389.40816163877
1434,2020-12-15,19417.076171875,26741982541.0,3694.6201171875,18994.49000821419,18783.938895089286,2020,12,19517.13007898957
1435,2020-12-16,21310.59765625,44409011479.0,3701.169921875,19573.516920223145,19177.750558035714,2020,12,20547.053566113173
1436,2020-12-17,22805.162109375,71378606374.0,3722.47998046875,20381.428217511108,19826.346261160714,2020,12,21794.90954583633
1437,2020-12-18,23137.9609375,40387896275.0,3709.409912109375,21070.56139750833,20551.92578125,2020,12,22275.395931032
1438,2020-12-19,23869.83203125,38487546580.0,3709.409912109375,21770.379055943744,21275.665178571428,2020,12,22919.733797058747
1439,2020-12-20,23477.294921875,37844228422.0,3709.409912109375,22197.108022426557,21894.938337053572,2020,12,22957.146663508836
1440,2020-12-21,22803.08203125,45852713981.0,3694.919921875,22348.601524632417,22403.000837053572,2020,12,22427.475726574557
1441,2020-12-22,23783.029296875,44171632681.0,3687.260009765625,22707.20846769306,23026.708426339286,2020,12,22246.329673788256
1442,2020-12-23,23241.345703125,51146161904.0,3690.010009765625,22840.742776551044,23302.52957589286,2020,12,22124.691801138906
1443,2020-12-24,23735.94921875,41080759713.0,3703.06005859375,23064.54438710078,23435.499162946428,2020,12,22486.917719320743
1444,2020-12-25,24664.791015625,42068395846.0,3703.06005859375,23464.606044231834,23653.617745535714,2020,12,23257.65984708263
1445,2020-12-26,26437.037109375,48332647295.0,3703.06005859375,24207.713810517624,24020.361328125,2020,12,24786.025208808365
1446,2020-12-27,26272.294921875,66479895605.0,3703.06005859375,24723.85908835697,24419.647042410714,2020,12,25617.755156496656
1447,2020-12-28,27084.80859375,49056742893.0,3735.360107421875,25314.096464705228,25031.322265625,2020,12,26088.58607321485
1448,2020-12-29,27362.4375,45265946774.0,3727.0400390625,25826.181723528924,25542.66629464286,2020,12,26586.28415393034
1449,2020-12-30,28840.953125,51287442704.0,3732.0400390625,26579.874573896694,26342.610212053572,2020,12,27274.514933734878
1450,2020-12-31,29001.720703125,46754964848.0,3756.070068359375,27185.336106203773,27094.86328125,2020,12,27565.466369525988
1451,2021-01-01,29374.15234375,40730301359.0,3756.070068359375,27732.54016559033,27767.62918526786,2021,1,27834.478326936034
1452,2021-01-02,32127.267578125,67865420765.0,3756.070068359375,28831.222018724,28580.51925223214,2021,1,29628.76309399061
1453,2021-01-03,32782.0234375,78665235202.0,3756.070068359375,29818.922373417998,29510.48046875,2021,1,30781.494033558847
1454,2021-01-04,31971.9140625,81163475344.0,3700.64990234375,30357.1702956885,30208.63839285714,2021,1,31010.70195286366
1455,2021-01-05,33992.4296875,67547324782.0,3726.860107421875,31265.985143641374,31155.780133928572,2021,1,31783.44709963596
1456,2021-01-06,36824.36328125,75289433811.0,3748.139892578125,32655.57967804353,32296.26729910714,2021,1,33709.62522549697
1457,2021-01-07,39371.04296875,84762141031.0,3803.7900390625,34334.44550072015,33777.59905133928,2021,1,35829.003409060926
1458,2021-01-08,40797.609375,88107519480.0,3824.679931640625,35950.23646929011,35409.521484375,2021,1,37429.111281931604
1459,2021-01-09,40254.546875,61984162837.0,3824.679931640625,37026.314070717584,36570.56138392857,2021,1,38220.830328121476
1460,2021-01-10,38356.44140625,79980747690.0,3824.679931640625,37358.84590460068,37366.90680803572,2021,1,37700.66980774645
1461,2021-01-11,35566.65625,123320567399.0,3799.610107421875,36910.79849095051,37880.44140625,2021,1,35510.0804899677
1462,2021-01-12,33922.9609375,74773277909.0,3801.18994140625,36163.83910258788,37870.517299107145,2021,1,33066.52227542938
1463,2021-01-13,37316.359375,69364315979.0,3809.840087890625,36451.969170690914,37940.802455357145,2021,1,33769.070784641444
1464,2021-01-14,39187.328125,63615990033.0,3795.5400390625,37135.808909268184,37914.55747767857,2021,1,35856.24316094062
1465,2021-01-15,36825.3671875,67760757881.0,3768.25,37058.19847882614,37347.09430803572,2021,1,36781.888119638694
1466,2021-01-16,36178.140625,57706187875.0,3768.25,36838.1840153696,36764.75055803572,2021,1,37245.68667735311
1467,2021-01-17,35791.27734375,52359854336.0,3768.25,36576.4573474647,36398.298549107145,2021,1,37170.578715591764
1468,2021-01-18,36630.07421875,49511702429.0,3768.25,36589.861565286024,36550.21540178572,2021,1,36892.9978684345
1469,2021-01-19,36069.8046875,57244195486.0,3798.909912109375,36459.84734583952,36856.90736607143,2021,1,35918.55414751638
1470,2021-01-20,35547.75,66834573161.0,3851.85009765625,36231.82300937964,36604.24888392857,2021,1,35781.32953569236
1471,2021-01-21,30825.69921875,75643067688.0,3853.070068359375,34880.292061722226,35409.73046875,2021,1,34151.036180784984
1472,2021-01-22,33005.76171875,77207272511.0,3841.469970703125,34411.65947597917,34864.072544642855,2021,1,33843.62536832677
1473,2021-01-23,32067.642578125,48354737975.0,3841.469970703125,33825.65525151563,34276.85853794643,2021,1,33132.146147482024
1474,2021-01-24,32289.37890625,48643830599.0,3841.469970703125,33441.58616519922,33776.58733258928,2021,1,32982.418531245596
1475,2021-01-25,32366.392578125,59897054838.0,3855.360107421875,33172.787768430666,33167.489955357145,2021,1,33446.759882321436
1476,2021-01-26,32569.849609375,60255421470.0,3849.6201171875,33022.05322866675,32667.49637276786,2021,1,33999.59507765672
1477,2021-01-27,30432.546875,62576762015.0,3750.77001953125,32374.67664025006,31936.753069196428,2021,1,33530.33726044432
1478,2021-01-28,31649.60546875,78948162368.0,3787.3798828125,32193.408847375045,32054.453962053572,2021,1,32819.44726556643
1479,2021-01-29,34316.38671875,117894572511.0,3714.239990234375,32724.153315218784,32241.686104910714,2021,1,34213.953257183835
1480,2021-01-30,34269.5234375,65141828798.0,3714.239990234375,33110.49584578909,32556.24051339286,2021,1,34512.79991437797
1481,2021-01-31,33114.359375,52754542671.0,3714.239990234375,33111.46172809182,32674.094866071428,2021,1,34224.21893028288
1482,2021-02-01,33537.17578125,61400400660.0,3773.860107421875,33217.89024138136,32841.349609375,2021,2,34245.869328797125
1483,2021-02-02,35510.2890625,63088585433.0,3826.31005859375,33790.98994666102,33261.412388392855,2021,2,35134.22656004022
1484,2021-02-03,37472.08984375,61166818159.0,3830.169921875,34711.26492093327,34267.06138392857,2021,2,35875.64899534214
1485,2021-02-04,36926.06640625,68838074392.0,3871.739990234375,35264.965292262445,35020.841517857145,2021,2,36061.17782484605
1486,2021-02-05,38144.30859375,58598066402.0,3886.830078125,35984.801117634335,35567.6875,2021,2,37084.50568403072
1487,2021-02-06,39266.01171875,71326033653.0,3886.830078125,36805.10376791325,36281.47154017857,2021,2,38176.16071426454
1488,2021-02-07,38903.44140625,65500641143.0,3886.830078125,37329.68817749744,37108.48325892857,2021,2,38067.83765252454
1489,2021-02-08,46196.46484375,101467222687.0,3915.590087890625,39546.38234406058,38916.953125,2021,2,41266.38363360835
1490,2021-02-09,46481.10546875,91809846886.0,3911.22998046875,41280.06312523293,40484.212611607145,2021,2,43294.577043614656
1491,2021-02-10,44918.18359375,87301089896.0,3909.8798828125,42189.59324236219,41547.94029017857,2021,2,43875.54899057461
1492,2021-02-11,47909.33203125,81388911810.0,3916.3798828125,43619.52793958414,43116.978236607145,2021,2,45001.72298052306
1493,2021-02-12,47504.8515625,76555041196.0,3934.830078125,44590.8588453131,44454.19866071428,2021,2,45217.33406325561
1494,2021-02-13,47105.515625,70250456155.0,3934.830078125,45219.523040234824,45574.12779017857,2021,2,44831.49652189633
1495,2021-02-14,48717.2890625,71248675228.0,3934.830078125,46093.964545801115,46976.10602678572,2021,2,44651.02830076202
1496,2021-02-15,47945.05859375,77069903166.0,3934.830078125,46556.73805778833,47225.90513392857,2021,2,45568.2443052367
1497,2021-02-16,49199.87109375,77049582886.0,3932.590087890625,47217.521316778744,47614.30022321428,2021,2,46777.48761454731
1498,2021-02-17,52149.0078125,80820545404.0,3931.330078125,48450.392940709055,48647.275111607145,2021,2,48430.57593343804
1499,2021-02-18,51679.796875,52054723579.0,3913.969970703125,49257.74392428179,49185.91294642857,2021,2,49652.775276578424
1500,2021-02-19,55888.1328125,63495496918.0,3906.7099609375,50915.341146336345,50383.52455357143,2021,2,52287.910412157566
1501,2021-02-20,56099.51953125,68145460026.0,3906.7099609375,52211.38574256476,51668.38225446428,2021,2,53628.74393576762
1502,2021-02-21,57539.9453125,51897585191.0,3906.7099609375,53543.52563504857,52928.76171875,2021,2,55035.4498344968
1503,2021-02-22,54207.3203125,92052420332.0,3876.5,53709.47430441143,53823.37053571428,2021,2,53914.006129546775
1504,2021-02-23,48824.42578125,106102492824.0,3881.3701171875,52488.212173621076,53769.73549107143,2021,2,50405.51882721372
1505,2021-02-24,49705.33203125,63695521388.0,3925.429931640625,51792.49213802831,53420.638950892855,2021,2,48824.66355308039
1506,2021-02-25,47093.8515625,54506565949.0,3829.340087890625,50617.83199414624,52765.50390625,2021,2,46564.62703249362
1507,2021-02-26,46339.76171875,350967941479.0,3811.14990234375,49548.31442529718,51401.450892857145,2021,2,47391.75673854216
1508,2021-02-27,46188.453125,45910946382.0,3811.14990234375,48708.349100222884,49985.584263392855,2021,2,46364.7089177357
1509,2021-02-28,45137.76953125,53443887451.0,3811.14990234375,47815.70420797966,48213.84486607143,2021,2,47271.27884764358
1510,2021-03-01,49631.2421875,53891300112.0,3901.820068359375,48269.58870285974,47560.119419642855,2021,3,49953.3473852483
1511,2021-03-02,48378.98828125,47530897720.0,3870.2900390625,48296.9385974573,47496.48549107143,2021,3,50136.014263022604
1512,2021-03-03,50538.2421875,53220811975.0,3819.719970703125,48857.264494967974,47615.47265625,2021,3,51610.05009807456
1513,2021-03-04,48561.16796875,52343816680.0,3768.469970703125,48783.240363413475,47825.08928571428,2021,3,50962.46751935419
1514,2021-03-05,48927.3046875,48625928883.0,3841.93994140625,48819.2564444351,48194.73828125,2021,3,50310.54315209364
1515,2021-03-06,48912.3828125,34363564661.0,3841.93994140625,48842.538036451326,48583.87109375,2021,3,49535.5480458441
1516,2021-03-07,51206.69140625,43137459378.0,3841.93994140625,49433.576378901,49450.85993303572,2021,3,49611.30441484421
1517,2021-03-08,52246.5234375,48597428048.0,3821.35009765625,50136.81314355075,49824.47154017857,2021,3,51002.48969286779
1518,2021-03-09,54824.1171875,50912227385.0,3875.43994140625,51308.63915453807,50745.20424107143,2021,3,52690.28063795215
1519,2021-03-10,56008.55078125,57295577614.0,3898.81005859375,52483.61706121606,51526.67689732143,2021,3,54685.82092546963
1520,2021-03-11,57805.12109375,56772343595.0,3939.340087890625,53813.99306934955,52847.24162946428,2021,3,56034.988002462764
1521,2021-03-12,57332.08984375,55689944702.0,3943.340087890625,54693.51726294967,54047.92522321428,2021,3,56265.28693910793
1522,2021-03-13,61243.0859375,60669829814.0,3943.340087890625,56330.90943158725,55809.45424107143,2021,3,57677.35203271764
1523,2021-03-14,59302.31640625,43901225564.0,3943.340087890625,57073.76117525294,56965.97209821428,2021,3,57515.77267660697
1524,2021-03-15,55907.19921875,66419369890.0,3968.93994140625,56782.12068612721,57488.92578125,2021,3,55684.976374070684
1525,2021-03-16,56804.90234375,59749798599.0,3962.7099609375,56787.81610053291,57771.89508928572,2021,3,55103.961331228944
1526,2021-03-17,58870.89453125,60258313191.0,3974.1201171875,57308.58570821219,58180.80133928572,2021,3,55852.44645625254
1527,2021-03-18,57858.921875,55746041000.0,3915.4599609375,57446.169749909146,58188.48716517857,2021,3,56232.20495791262
1528,2021-03-19,58346.65234375,49063873786.0,3913.10009765625,57671.29039836936,58333.42466517857,2021,3,56589.433743488466
1529,2021-03-20,58313.64453125,50361731222.0,3913.10009765625,57831.87893158952,57914.93303571428,2021,3,57920.11751534596
1530,2021-03-21,57523.421875,51943414539.0,3913.10009765625,57754.76466744214,57660.80524553572,2021,3,58205.72084854184
1531,2021-03-22,54529.14453125,56521454974.0,3940.590087890625,56948.35963339411,57463.94029017857,2021,3,56192.62549357666
1532,2021-03-23,54738.9453125,56435023914.0,3910.52001953125,56396.00605317058,57168.80357142857,2021,3,55122.38755508284
1533,2021-03-24,52774.265625,70567223787.0,3889.139892578125,55490.57094612794,56297.85658482143,2021,3,54208.857367404664
1534,2021-03-25,51704.16015625,67999812841.0,3909.52001953125,54543.96824865846,55418.60491071428,2021,3,53113.97064991343
1535,2021-03-26,55137.3125,56652197978.0,3974.5400390625,54692.30431149385,54960.12779017857,2021,3,54431.6458112987
1536,2021-03-27,55973.51171875,47266542233.0,3974.5400390625,55012.606163307886,54625.82310267857,2021,3,56027.0442665984
1537,2021-03-28,55950.74609375,47686580918.0,3974.5400390625,55247.14114591842,54401.15513392857,2021,3,57186.91666794095
1538,2021-03-29,57750.19921875,57625587027.0,3971.090087890625,55872.905664126316,54861.30580357143,2021,3,58190.32047252559
1539,2021-03-30,58917.69140625,54414116432.0,3958.550048828125,56634.10209965724,55458.26953125,2021,3,59268.75733189128
1540,2021-03-31,58918.83203125,65520826225.0,3972.889892578125,57205.28458255543,56336.064732142855,2021,3,59273.08849091205
1541,2021-04-01,59095.80859375,61669163792.0,4019.8701171875,57677.91558535408,57392.01450892857,2021,4,58556.16962643627
1542,2021-04-02,59384.3125,58727860620.0,4019.8701171875,58104.51481401556,57998.728794642855,2021,4,58608.317672630714
1543,2021-04-03,57603.890625,59641344484.0,4019.8701171875,57979.35876676167,58231.64006696428,2021,4,57767.16926473257
1544,2021-04-04,58758.5546875,50749662970.0,4019.8701171875,58174.15774694625,58632.755580357145,2021,4,57508.30851200227
1545,2021-04-05,59057.87890625,60706272115.0,4077.909912109375,58395.08803677219,58819.56696428572,2021,4,57841.28685154648
1546,2021-04-06,58192.359375,66058027988.0,4073.93994140625,58344.405871329145,58715.94810267857,2021,4,57920.575849003566
1547,2021-04-07,56048.9375,75645303584.0,4079.949951171875,57770.53877849686,58305.963169642855,2021,4,57058.59862659684
1548,2021-04-08,58323.953125,53053855641.0,4097.169921875,57908.89236512265,58195.69810267857,2021,4,57597.2392746948
1549,2021-04-09,58245.00390625,46655208546.0,4128.7998046875,57992.92025040449,58032.939732142855,2021,4,58148.94196575643
1550,2021-04-10,59793.234375,58238470525.0,4128.7998046875,58442.99878155337,58345.703125,2021,4,58926.72333176345
1551,2021-04-11,60204.96484375,46280252580.0,4128.7998046875,58883.49029710253,58552.33314732143,2021,4,59785.304321918506
1552,2021-04-12,59893.453125,51828688519.0,4127.990234375,59135.9810040769,58671.700892857145,2021,4,60330.221595860974
1553,2021-04-13,63503.45703125,69983454362.0,4141.58984375,60227.85001087018,59430.42912946428,2021,4,62173.15079624746
1554,2021-04-14,63109.6953125,77451779687.0,4124.66015625,60948.311336277635,60439.10881696428,2021,4,62348.304963463685
1555,2021-04-15,63314.01171875,60954381579.0,4170.419921875,61539.736431895726,61151.974330357145,2021,4,62623.198583095655
1556,2021-04-16,61572.7890625,84293007468.0,4185.47021484375,61547.999589546795,61627.37220982143,2021,4,61794.9840801418
1557,2021-04-17,60683.8203125,66138759198.0,4185.47021484375,61331.9547702851,61754.59877232143,2021,4,60808.577868312044
1558,2021-04-18,56216.18359375,97468872758.0,4185.47021484375,60053.01197615133,61184.77287946428,2021,4,58240.266434327976
1559,2021-04-19,55724.265625,65344865159.0,4163.259765625,58970.8253883635,60589.17466517857,2021,4,56037.125486942416
1560,2021-04-20,56473.03125,67849323955.0,4134.93994140625,58346.37685377262,59584.828125,2021,4,56186.90547181973
1561,2021-04-21,53906.08984375,54926612466.0,4173.419921875,57236.30510126697,58270.02734375,2021,4,55429.46412900137
1562,2021-04-22,51762.2734375,74798630778.0,4134.97998046875,55867.79718532523,56619.779017857145,2021,4,54713.431361276074
1563,2021-04-23,51093.65234375,86668667320.0,4180.169921875,54674.26097493143,55122.759486607145,2021,4,54180.06044343856
1564,2021-04-24,50050.8671875,49014494781.0,4180.169921875,53518.412528073575,53603.76618303572,2021,4,53586.78553640917
1565,2021-04-25,49004.25390625,46117114240.0,4180.169921875,52389.872872617685,52573.490513392855,2021,4,52246.3560433565
1566,2021-04-26,54021.75390625,58284039825.0,4187.6201171875,52797.843131025766,52330.27455357143,2021,4,54017.5103656124
1567,2021-04-27,55033.1171875,49448222757.0,4186.72021484375,53356.661645144326,52124.572544642855,2021,4,56075.158364654446
1568,2021-04-28,54824.703125,48000572955.0,4183.18017578125,53723.67201510825,52255.803013392855,2021,4,56910.350293478245
1569,2021-04-29,53555.109375,46088929780.0,4211.47021484375,53681.53135508119,52511.92243303572,2021,4,56259.77835307426
1570,2021-04-30,57750.17578125,52395931985.0,4181.169921875,54698.692461623396,53462.85435267857,2021,4,57439.65975367185
1571,2021-05-01,57828.05078125,42836427360.0,4181.169921875,55481.03204153005,54573.880580357145,2021,5,57520.2155379702
1572,2021-05-02,56631.078125,38177405335.0,4181.169921875,55768.54356239754,55663.42689732143,2021,5,56175.238945614794
1573,2021-05-03,57200.29296875,51713139031.0,4192.66015625,56126.48091398566,56117.50390625,2021,5,56399.88397090344
1574,2021-05-04,53333.5390625,68564706967.0,4164.66015625,55428.24545111425,55874.70703125,2021,5,54859.64519935321
1575,2021-05-05,57424.0078125,69241316747.0,4167.58984375,55927.18604146069,56246.03627232143,2021,5,55618.773509869236
1576,2021-05-06,56293.74609375,70572769280.0,4167.58984375,56018.82605453302,56637.27008928572,2021,5,55114.11845016152
1577,2021-05-07,55744.23904903578,71871979598.31258,4181.451308623518,55950.179303158715,56350.707698969396,2021,5,55489.015408101375
1578,2021-05-08,55914.912096009764,68635647412.455345,4181.978765648939,55941.36250137148,56077.4021725065,2021,5,55997.63963378887
1579,2021-05-09,56085.5851429838,69028358386.35803,4182.448394333924,55977.418161774556,55999.47460364705,2021,5,56264.61599340565
1580,2021-05-10,56256.258189957785,71533059528.55035,4184.531055995416,56047.12816882037,55864.61249239102,2021,5,56756.69209701393
1581,2021-05-11,56426.93123693183,71765611257.6927,4188.038017800376,56142.078935848236,56306.52566016699,2021,5,56155.241961479245
1582,2021-05-12,56597.604283905814,72453310275.71266,4191.618064173831,56255.960272862634,56188.46801322496,2021,5,56738.546799047646
1583,2021-05-13,56768.27733087986,73034019840.61757,4192.251377964494,56384.03953736694,56256.25818995781,2021,5,56990.55793353343
1584,2021-05-14,56938.95037785384,73918660371.37616,4195.531005896117,56522.76724748867,56426.931236931814,2021,5,57069.11546422614
1585,2021-05-15,57109.62342482788,70431152501.34892,4197.096493446329,56669.481291823475,56597.60428390583,2021,5,57152.48901308846
1586,2021-05-16,57280.29647180186,70548374547.34918,4198.852767254258,56822.18508681808,56768.277330879835,2021,5,57269.77742496913
1587,2021-05-17,57450.969518775906,72757153052.11852,4202.454492111276,56979.38119480754,56938.950377853864,2021,5,57409.785614225024
1588,2021-05-18,57621.64256574989,72677660163.30379,4207.6922259268795,57139.94653754313,57109.62342482787,2021,5,57549.842126122065
1589,2021-05-19,57792.315612723934,73041863514.14722,4213.1895653903375,57303.038806338336,57280.296471801885,2021,5,57699.46026881051
1590,2021-05-20,57962.98865969792,73292575142.23111,4215.897180703982,57468.02626967823,57450.96951877589,2021,5,57854.3204106842
1591,2021-05-21,58133.66170667196,73845853735.34511,4221.374559970504,57634.43512892666,57621.64256574992,2021,5,58014.76035354908
1592,2021-05-22,58304.33475364595,70030853863.59875,4225.2240505838045,57801.910035106484,57792.31561272393,2021,5,58159.19011926935
1593,2021-05-23,58475.007800619984,69829685871.03246,4229.310273846341,57970.184476484865,57962.98865969794,2021,5,58321.942636805834
1594,2021-05-24,58645.68084759403,71734306925.84904,4235.245133786951,58139.05856926215,58133.66170667197,2021,5,58495.75385114712
1595,2021-05-25,58816.35389456801,71369818936.27771,4242.774733308802,58308.38240058862,58304.334753645984,2021,5,58660.9054965244
1596,2021-05-26,58987.026941542055,71472821007.36464,4250.477376098856,58478.043535826975,58475.00780062,2021,5,58829.130033222464
1597,2021-05-27,59157.69998851604,71490365009.97687,4255.258534648365,58647.95764899925,58645.68084759401,2021,5,58997.77570568079
1598,2021-05-28,59328.37303549008,71842270568.45425,4262.633583618835,58818.06149562196,58816.353894568034,2021,5,59168.43390672996
1599,2021-05-29,59499.04608246407,67860895080.17085,4268.162861768978,58988.30764233249,58987.02694154205,2021,5,59320.45664349088
1600,2021-05-30,59669.719129438105,67530924285.333885,4273.672112381101,59158.660514108895,59157.69998851606,2021,5,59488.884187015006
1601,2021-05-31,59840.39217641209,69346205576.49313,4280.738495448988,59329.0934296847,59328.37303549007,2021,5,59666.982874988695
1602,2021-06-01,60011.06522338613,68933001246.28514,4289.078456404459,59499.586378110056,59499.04608246409,2021,6,59835.43114683496
1603,2021-06-02,60181.73827036012,69028310599.49443,4297.24660165086,59670.12435117258,59669.7191294381,2021,6,60006.25693890099
1604,2021-06-03,60352.41131733416,69078810473.72763,4302.131434125448,59840.69609271298,59840.39217641211,2021,6,60177.02711893154
1605,2021-06-04,60523.084364308146,69503171137.16429,4309.2387228734215,60011.29316061176,60011.06522338612,2021,6,60349.49318556651
1606,2021-06-05,60693.75741128219,65631843501.89724,4314.1270472784245,60181.90922327937,60181.73827036015,2021,6,60503.1225583495
